Model,Accuracy,F1 (weighted)
LinearSVC,0.9855072463768116,0.9855201563892423
Logistic Regression,0.9806763285024155,0.9806748510819949
Naive Bayes,0.9553140096618358,0.9553223850748913
